<?xml version="1.0" encoding="UTF-8"?>
<project-private xmlns="http://www.netbeans.org/ns/project-private/1">
    <editor-bookmarks xmlns="http://www.netbeans.org/ns/editor-bookmarks/2" lastBookmarkId="0"/>
    <open-files xmlns="http://www.netbeans.org/ns/projectui-open-files/2">
        <group>
            <file>file:/C:/Thashila/Kadse232f-026/LibraryMS/src/libraryms/Manage_Members.java</file>
            <file>file:/C:/Thashila/Kadse232f-026/LibraryMS/src/libraryms/Borrow_bookPage.java</file>
            <file>file:/C:/Thashila/Kadse232f-026/LibraryMS/src/libraryms/DBconnection.java</file>
            <file>file:/C:/Thashila/Kadse232f-026/LibraryMS/src/libraryms/Login_page.java</file>
        </group>
    </open-files>
</project-private>
